"Name","TID","InfoTID","SWF","ExportName","ExportNameAir","ExportNameBuildAnim","ExportNameBuildAnimAir","ExportNameBroken","ExportNameBrokenAir","BigPicture","BigPictureSWF","EffectBroken","Damage","DamageRadius","TriggerRadius","Width","Height","Effect","Effect2","DamageEffect","Passable","BuildResource","BuildTimeD","BuildTimeH","BuildTimeM","BuildCost","RearmCost","TownHallLevel","EjectVictims","MinTriggerHousingLimit","EjectHousingLimit","ExportNameTriggered","ExportNameTriggeredAir","ActionFrame","PickUpEffect","PlacingEffect","AppearEffect","ToggleAttackModeEffect","DurationMS","SpeedMod","DamageMod","AirTrigger","GroundTrigger","HealerTrigger","HitDelayMS","HitCnt","Projectile","Spell","StrengthWeight","PreferredTargetDamageMod","PreferredTarget","SpawnedCharGround","SpawnedCharAir","NumSpawns","SpawnInitialDelayMs","TimeBetweenSpawnsMs"
"String","String","String","String","String","String","String","String","String","String","String","String","String","int","int","int","int","int","String","String","String","boolean","String","int","int","int","int","int","int","boolean","int","int","String","String","int","String","String","String","String","int","int","int","boolean","boolean","boolean","int","int","String","String","int","int","String","String","String","int","int","int"
"Mine","TID_TRAP_MINE","TID_TRAP_MINE_INFO","sc/buildings.sc","bomp_trap_lvl1_setup",,"bomb_upg",,"bomp_trap_lvl1_unarmed",,"bombtrap_lvl1_info","sc/ui.sc","Trap broken",12,300,150,1,1,"Bomb Exposion","Bomb Exposion ground","Generic Hit","true","Gold",,,0,400,400,1,"false",,0,"bomp_trap_lvl1_setup",,44,"Generic Pick Up","Generic Placing","Bomb Appear",,,,,"false","true","false",,,,,100,,,,,,,
,,,,"bomp_trap_lvl1_setup",,"bomb_upg",,"bomp_trap_lvl1_unarmed",,,,,16,,,,,,,,,,,,15,1000,500,3,,,,"bomp_trap_lvl1_setup",,,,,,,,,,,,,,,,,100,,,,,,,
,,,,"bomp_trap_lvl3_setup",,"bomb_upg",,"bomp_trap_lvl3_unarmed",,,,,20,,,,,,,,,,,2,0,10000,600,5,,,,"bomp_trap_lvl3_setup",,,,,,,,,,,,,,,,,100,,,,,,,
,,,,"bomp_trap_lvl3_setup",,"bomb_upg",,"bomp_trap_lvl3_unarmed",,,,,26,,,,,,,,,,,8,0,100000,700,7,,,,"bomp_trap_lvl3_setup",,,,,,,,,,,,,,,,,100,,,,,,,
,,,,"bomp_trap_lvl5_setup",,"bomb_upg",,"bomp_trap_lvl5_unarmed",,,,,34,,,,,,,,,,1,0,0,1000000,800,8,,,,"bomp_trap_lvl5_setup",,,,,,,,,,,,,,,,,100,,,,,,,
,,,,"bomp_trap_lvl5_setup",,"bomb_upg",,"bomp_trap_lvl5_unarmed",,,,,42,,,,,,,,,,2,0,0,1500000,900,9,,,,"bomp_trap_lvl5_setup",,,,,,,,,,,,,,,,,100,,,,,,,
"Ejector","TID_TRAP_EJECTOR","TID_TRAP_EJECTOR_INFO","sc/buildings.sc","eject_trap_lvl1_setup",,"eject_trap_lvl1_setup",,"eject_trap_lvl1_unarmed",,"ejecttrap_lvl1_info","sc/ui.sc","Trap broken",1000,0,70,1,1,"Trap Eject",,"Generic Hit","true","Gold",,,0,2000,2000,1,"true",,15,"eject_trap_lvl1_setup",,10,"Generic Pick Up","Generic Placing","Bomb Appear",,,,,"false","true","false",,,,,20,,,,,,,
"Superbomb","TID_TRAP_SUPERBOMB","TID_TRAP_SUPERBOMB_INFO","sc/buildings.sc","giant_bomb_setup",,"giant_bomb_upg",,"giant_bomb_unarmed",,"superbomb_lvl1_info","sc/ui.sc","Trap broken",175,300,200,2,2,"Super_Bomb","Super_Bomb ground","Generic Hit","true","Gold",,,0,12500,12500,1,"false",,30,"giant_bomb_setup",,37,"Generic Pick Up","Generic Placing","Bomb Appear",,,,,"false","true","false",,,,,150,150,"Boar Rider",,,,,
,,,,"giant_bomb_setup",,"giant_bomb_upg",,"giant_bomb_unarmed",,,,,200,350,,,,,,,,,,6,0,75000,15000,6,,,,"giant_bomb_setup",,,,,,,,,,,,,,,,,150,,,,,,,
,,,,"giant_bomb_setup_lvl3",,"giant_bomb_upg",,"giant_bomb_lvl3_unarmed",,,,,225,350,,,,,,,,,1,0,0,750000,17500,8,,,,"giant_bomb_setup_lvl3",,,,,,,,,,,,,,,,,150,,,,,,,
,,,,"giant_bomb_setup_lvl3",,"giant_bomb_upg",,"giant_bomb_lvl3_unarmed",,,,,250,400,,,,,,,,,3,0,0,2500000,20000,10,,,,"giant_bomb_setup_lvl3",,,,,,,,,,,,,,,,,150,,,,,,,
"Halloweenbomb","TID_TRAP_HALLOWEENBOMB","TID_TRAP_HALLOWEENBOMB_INFO","sc/buildings.sc","bomb_halloween_setup",,"bomb_halloween_setup",,"bomb_halloween_setup",,,,"Trap broken",25,300,150,1,1,"Bomb Exposion","Bomb Exposion ground","Generic Hit","true","Gold",,,0,1000,1000,1,"false",,0,"bomb_halloween_setup",,48,"Generic Pick Up","Generic Placing","Bomb Appear",,,,,"false","true","false",,,,,,,,,,,,
"Slowbomb","TID_TRAP_MINE","TID_TRAP_MINE_INFO","sc/buildings.sc","bomp_trap_lvl1_setup",,"bomp_trap_lvl1_setup",,"bomp_trap_lvl1_setup",,,,"Trap broken",0,400,150,1,1,"Jump deploy lvl1","Jump deploy top lvl1","Generic Hit","true","Gold",,,0,2000,2000,9999,"false",,0,"bomp_trap_lvl1_setup",,48,"Generic Pick Up","Generic Placing","Bomb Appear",,1000,50,-50,"true","true","false",500,18,,,,,,,,,,
"AirTrap","TID_TRAP_AIR","TID_TRAP_AIR_INFO","sc/buildings.sc","air_trap_setup",,"air_trap_upg",,"air_trap_unarmed",,"airtrap_lvl1_info","sc/ui.sc","Trap broken",100,300,500,1,1,"Small AirTrap",,"Small AirTrap Explosion","true","Gold",,,0,4000,3000,1,"false",,0,"air_trap_setup",,7,"Generic Pick Up","Generic Placing","Bomb Appear",,,,,"true","false","false",,,"AirTrapBalloon",,100,,,,,,,
,,,,"air_trap_setup",,"air_trap_upg",,"air_trap_unarmed",,,,,120,,,,,,,,,,,4,0,20000,4000,5,,,,"air_trap_setup",,,,,,,,,,,,,,,"AirTrapBalloon",,100,,,,,,,
,,,,"air_trap_setup_lvl3",,"air_trap_upg",,"air_trap_unarmed",,,,,144,,,,,,,,,,,12,0,200000,5000,7,,,,"air_trap_setup_lvl3",,,,,,,,,,,,,,,"AirTrapBalloon_lvl3",,100,,,,,,,
,,,,"air_trap_setup_lvl3",,"air_trap_upg",,"air_trap_unarmed",,,,,173,,,,,,,,,,1,0,0,1500000,6000,9,,,,"air_trap_setup_lvl3",,,,,,,,,,,,,,,"AirTrapBalloon_lvl3",,100,,,,,,,
"MegaAirTrap","TID_TRAP_AIR_MEGA","TID_TRAP_AIR_MEGA_INFO","sc/buildings.sc","evil_airTrap_setup",,"evil_air_trap_upg",,"evil_airTrap_unarmed",,"evil_airtrap_lvl1_info","sc/ui.sc","Trap broken",1500,0,400,1,1,"Small AirTrap",,"Large AirTrap Explosion","true","Gold",,,0,15000,15000,1,"false",4,0,"evil_airTrap_setup",,7,"Generic Pick Up","Generic Placing","Bomb Appear",,,,,"true","false","false",,,"LargeDarkElixirBalloon",,15,,,,,,,
,,,,"evil_airTrap_setup",,"evil_air_trap_upg",,"evil_airTrap_unarmed",,,,,1800,,,,,,,,,,1,0,0,2000000,17500,9,,,,"evil_airTrap_setup",,,,,,,,,,,,,,,"LargeDarkElixirBalloon",,15,,,,,,,
,,,,"evil_airTrap_setup_lvl3",,"evil_air_trap_upg",,"evil_airTrap_unarmed",,,,,2100,,,,,,,,,,3,0,0,4000000,20000,10,,,,"evil_airTrap_setup_lvl3",,,,,,,,,,,,,,,"LargeDarkElixirBalloon_lvl3",,15,,,,,,,
"SantaTrap","TID_TRAP_SANTA","TID_TRAP_SANTA_INFO","sc/buildings.sc","bomb_xmas_setup",,"bomb_upg",,"bomb_xmas_unarmed",,"giftbomb_lvl1_info","sc/ui.sc","Trap broken",0,0,150,1,1,"Gift Trap trigger",,,"true","Gold",,,0,1000,1000,1,"false",,0,"bomb_xmas_setup",,44,"Generic Pick Up","Generic Placing","Bomb Appear",,,,,"false","true","false",,,,"xmas2013",,,,,,,,
"Halloweenskels","TID_TRAP_HALLOWEEN_SKEL","TID_TRAP_HALLOWEEN_SKEL_INFO","sc/buildings.sc","troop_trap_land_lvl1_setup","troop_trap_air_lvl1_setup","bomb_upg","bomb_upg","troop_trap_land_lvl1_unarmed","troop_trap_land_lvl1_unarmed","skele_trap_land_lvl1_info","sc/ui.sc",,0,0,500,1,1,,,,"true","Gold",,,0,6000,6000,1,"false",,,"troop_trap_land_lvl1_setup","troop_trap_air_lvl1_setup",37,"Skeleton Trap Pick Up","Skeleton Trap Placing","Skeleton Trap","Skeleton Trap Target",,,,"false","true","false",,,,,80,,,"TrapSkeletonGround","TrapSkeletonAir",2,600,150
,,,,"troop_trap_land_lvl1_setup","troop_trap_air_lvl1_setup","bomb_upg","bomb_upg","troop_trap_land_lvl1_unarmed","troop_trap_land_lvl1_unarmed",,,,,,,,,,,,,,,6,0,600000,8000,8,,,,"troop_trap_land_lvl1_setup","troop_trap_air_lvl1_setup",,,,,,,,,,,,,,,,80,,,,,3,,
,,,,"troop_trap_land_lvl3_setup","troop_trap_air_lvl3_setup","bomb_upg","bomb_upg","troop_trap_land_lvl3_unarmed","troop_trap_land_lvl3_unarmed",,,,,,,,,,,,,,1,0,0,1300000,10000,9,,,,"troop_trap_land_lvl3_setup","troop_trap_air_lvl3_setup",,,,,,,,,,,,,,,,80,,,,,4,,
